,University,Former names,Detailed_Location,Students,Undergraduates,Postgraduates,Url,Location,Established,Number of students,Tuition fee,Degree powers
0,Arden University,,"Coventry, UK",,,,https://en.wikipedia.org/wiki/Arden_University,Coventry (distance learning),2015 (1990),"8,000[7]",- (private),Taught
1,AECC University College,,"Bournemouth, Dorset, England50°43′38″N 1°49′44″W﻿ / ﻿50.72728°N 1.82876°W﻿ / 50.72728; -1.82876Coordinates: 50°43′38″N 1°49′44″W﻿ / ﻿50.72728°N 1.82876°W﻿ / 50.72728; -1.82876",,470,265,https://en.wikipedia.org/wiki/Anglo-European_College_of_Chiropractic,Bournemouth,– (1965),-,"£9,250",Taught
2,BPP University,BPP Law School (1992)BPP College of Professional Studies (2005)BPP University College of Professional Studies (2010),"Abingdon, Birmingham, Bristol, Cambridge, Leeds, Liverpool, London and Manchester, United Kingdom","16,000",,,https://en.wikipedia.org/wiki/BPP_University,"Abingdon, Birmingham, Bristol, Cambridge, Leeds, Liverpool, London, Manchester",2013 (1992),"6,780[9]",- (private),Taught
3,University College Birmingham[Note 3],,"Birmingham, United Kingdom","4,905 HE (2018/19)[1]","4,415 (2018/19)[1]",485 (2018/19)[1],https://en.wikipedia.org/wiki/University_College_Birmingham,Birmingham,2012 (1957),"4,905","£9,076[8]",Taught
4,Bishop Grosseteste University,Diocesan Training School for MistressesLincoln Diocesan Training CollegeBishop Grosseteste CollegeBishop Grosseteste University College,"Lincoln, Lincolnshire, EnglandCoordinates: 53°14′38″N 0°32′13″W﻿ / ﻿53.244°N 0.537°W﻿ / 53.244; -0.537","2,260 (2018/19)[2]","1,665 (2018/19)[2]",595 (2018/19)[2],https://en.wikipedia.org/wiki/Bishop_Grosseteste_University,Lincoln,2012 (1862),"2,260","£9,250",Taught
5,University of Bolton,,"Bolton, Greater Manchester, United KingdomCoordinates: 53°34′25″N 2°26′9″W﻿ / ﻿53.57361°N 2.43583°W﻿ / 53.57361; -2.43583","6,945 (2018/19)[4]","5,605 (2018/19)[4]","1,340 (2018/19)[4]",https://en.wikipedia.org/wiki/University_of_Bolton,Bolton,2005 (1982),"6,945","£9,250",Full
6,University of Chichester,"West Sussex Institute of Higher Education (1977–1995), Chichester Institute of Higher Education (1995–1999), University College Chichester (1999–2005)","Chichester, West Sussex, UK50°50′41″N 0°46′28″W﻿ / ﻿50.844674°N 0.774429°W﻿ / 50.844674; -0.774429Coordinates: 50°50′41″N 0°46′28″W﻿ / ﻿50.844674°N 0.774429°W﻿ / 50.844674; -0.774429","5,470 (2018/19)[1]","4,375 (2018/19)[1]","1,095 (2018/19)[1]",https://en.wikipedia.org/wiki/University_of_Chichester,Chichester,2005 (1977),"5,470","£6,000–9,250",Full
7,Buckinghamshire New University,School of Science and Art (1891) Wycombe Technical Institute (1920)High Wycombe College of Technology and Art (1961)Buckinghamshire College of Higher Education (1975) Buckinghamshire Chilterns University College (1999),"High Wycombe, Buckinghamshire, England, UKCampus in Uxbridge, Middlesex England, UK","11,005 (2018/19)[1]","9,705 (2018/19)[1]","1,295 (2018/19)[1]",https://en.wikipedia.org/wiki/Buckinghamshire_New_University,"High Wycombe, Uxbridge (London)",2007 (1999),"11,005","£7,8-9,250",Taught
8,Bournemouth University,,"Poole and Bournemouth, Dorset, England50°44′36″N 1°53′49″W﻿ / ﻿50.743213°N 1.896901°W﻿ / 50.743213; -1.896901Coordinates: 50°44′36″N 1°53′49″W﻿ / ﻿50.743213°N 1.896901°W﻿ / 50.743213; -1.896901","17,880 (2018/19)[2]","14,700 (2018/19)[2]","3,175 (2018/19)[2]",https://en.wikipedia.org/wiki/Bournemouth_University,"Bournemouth, Poole",1992,"17,880","£9,250",Full
9,University of Cumbria,"Charlotte Mason College, St Martin's College, Cumbria Institute of the Arts","CarlisleLancasterAmblesideBarrow-in-FurnessWorkingtonTower Hamlets, London, England","7,595 (2018/19)[1]","5,865 (2018/19)[1]","1,730 (2018/19)[1]",https://en.wikipedia.org/wiki/University_of_Cumbria,"Ambleside, Barrow, Carlisle, Lancaster, Penrith, Tower Hamlets (London)",2007,"7,595","£9,250",Taught
10,Anglia Ruskin University,See History,"Cambridge, Chelmsford, Peterborough and London, United KingdomCoordinates: 52°12′11.1″N 0°8′1.3″E﻿ / ﻿52.203083°N 0.133694°E﻿ / 52.203083; 0.133694","24,490 (2018/19)[2]","19,630 (2018/19)[2]","4,860 (2018/19)[2]",https://en.wikipedia.org/wiki/Anglia_Ruskin_University,"Cambridge, Chelmsford, Peterborough",1992 (1858),"24,490","£9,250",Full
11,University for the Creative Arts,,"Canterbury and Rochester, KentEpsom and Farnham, Surrey, England, UK","5,934 (2015/16)","4,500 (2015/16)[2]",305 (2015/16)[2],https://en.wikipedia.org/wiki/University_for_the_Creative_Arts,"Canterbury, Epsom, Farnham, Maidstone, Rochester",2005,"6,615","£9,250",Taught
12,University College of Osteopathy,,"London, United Kingdom51°30′00″N 0°05′40″W﻿ / ﻿51.500105°N 0.094524°W﻿ / 51.500105; -0.094524Coordinates: 51°30′00″N 0°05′40″W﻿ / ﻿51.500105°N 0.094524°W﻿ / 51.500105; -0.094524",,,"1,000[3]",https://en.wikipedia.org/wiki/University_College_of_Osteopathy,London,– (1917),-,-,Taught
13,University of the Arts London,,"London, United KingdomCoordinates: 51°31′4″N 0°6′59″W﻿ / ﻿51.51778°N 0.11639°W﻿ / 51.51778; -0.11639","18,290 HE (2016/17)[2]","14,760 (2016/17)[2]","3,530 (2016/17)[2]",https://en.wikipedia.org/wiki/University_of_the_Arts_London,London,2004,"19,095","£9,250",Full
14,University of Derby,"Derby College, Derby College of Art and Technology, Derbyshire College of Higher Education","Derby, England, UK52°56′20″N 1°29′47″W﻿ / ﻿52.938824°N 1.49648°W﻿ / 52.938824; -1.49648Coordinates: 52°56′20″N 1°29′47″W﻿ / ﻿52.938824°N 1.49648°W﻿ / 52.938824; -1.49648","19,145 HE (2018/19)[2]","14,775 (2018/19)[2]","4,370 (2018/19)[2]",https://en.wikipedia.org/wiki/University_of_Derby,Derby,1992 (1977),"19,145","£9,250",Full
15,University of Brighton,,"Brighton, Eastbourne, England","20,470 (2018/19)[3]","16,760 (2018/19)[3]","3,705 (2018/19)[3]",https://en.wikipedia.org/wiki/University_of_Brighton,"Brighton, Eastbourne, Hastings",1992 (1859),"20,470","£9,250",Full
16,University of Central Lancashire,"Harris Art College, Preston Polytechnic, Lancashire Polytechnic","Preston (Main)BurnleyCyprusWestlakes, CumbriaCoordinates: 53°45′47″N 2°42′27″W﻿ / ﻿53.763021°N 2.7074°W﻿ / 53.763021; -2.7074","23,160 (2018/19)[2]","17,505 (2018/19)[2]","5,655 (2018/19)[2]",https://en.wikipedia.org/wiki/University_of_Central_Lancashire,Preston,1992 (1828),"23,160","£9,250",Full
17,Canterbury Christ Church University,,"Canterbury, Tunbridge Wells, Chatham, Kent, UK51°16′47″N 1°5′21″E﻿ / ﻿51.27972°N 1.08917°E﻿ / 51.27972; 1.08917Coordinates: 51°16′47″N 1°5′21″E﻿ / ﻿51.27972°N 1.08917°E﻿ / 51.27972; 1.08917","14,175 (2018/19)[3]","11,300 (2018/19)[3]","2,870 (2018/19)[3]",https://en.wikipedia.org/wiki/Canterbury_Christ_Church_University,"Broadstairs, Canterbury, Medway, Tunbridge Wells",2005 (1977),"14,175","£9,250",Full
18,University of Buckingham,,"Buckingham, England51°59′45″N 0°59′31″W﻿ / ﻿51.99583°N 0.99194°W﻿ / 51.99583; -0.99194Coordinates: 51°59′45″N 0°59′31″W﻿ / ﻿51.99583°N 0.99194°W﻿ / 51.99583; -0.99194","3,070 (2018/19)[3]","1,525 (2018/19)[3]","1,545 (2018/19)[3]",https://en.wikipedia.org/wiki/University_of_Buckingham,Buckingham,1983 (1973),"3,070","£12,444 (private)",Full
19,Edge Hill University,Edge Hill College (1885–2006),"Ormskirk, Lancashire, England","13,835 (2018/19)[1]","10,410 (2018/19)[1]","3,420 (2018/19)[1]",https://en.wikipedia.org/wiki/Edge_Hill_University,Ormskirk,2006 (1959),"13,835","£9,250",Full
20,University of Greenwich,,"London, England, United Kingdom51°29′00″N 0°00′22″W﻿ / ﻿51.483372°N 0.006075°W﻿ / 51.483372; -0.006075","18,945 (2018/19)[2]","14,430 (2018/19)[2]","4,510 (2018/19)[2]",https://en.wikipedia.org/wiki/University_of_Greenwich,"Chatham, Greenwich (London)",1992 (1890),"18,945","£9,250",Full
21,Bath Spa University,,"Bath, Somerset, England51°22′32″N 2°26′18″W﻿ / ﻿51.37556°N 2.43833°W﻿ / 51.37556; -2.43833Coordinates: 51°22′32″N 2°26′18″W﻿ / ﻿51.37556°N 2.43833°W﻿ / 51.37556; -2.43833","7,770 (2018/19)[2]","6,060 (2018/19)[2]","1,710 (2018/19)[2]",https://en.wikipedia.org/wiki/Bath_Spa_University,Bath,2005 (1852),"7,770","£9,250",Full
22,Brunel University London,,"Uxbridge, England, UK51°31′58″N 0°28′22″W﻿ / ﻿51.53278°N 0.47278°W﻿ / 51.53278; -0.47278Coordinates: 51°31′58″N 0°28′22″W﻿ / ﻿51.53278°N 0.47278°W﻿ / 51.53278; -0.47278","14,790 (2018/19)[2]","11,125 (2018/19)[2]","3,665 (2018/19)[2]",https://en.wikipedia.org/wiki/Brunel_University_London,Uxbridge (London),1966,"14,790","£9,250",Full
23,De Montfort University,Leicester School of Art  Leicester Colleges of Art and Technology  Leicester Polytechnic,"Leicester, England","25,810 (2018/19)[2]","21,750 (2018/19)[2]","4,060 (2018/19)[2]",https://en.wikipedia.org/wiki/De_Montfort_University,Leicester,1992 (1969),"25,810","£9,250",Full
24,University of East London,,"London, United Kingdom51°30′28″N 0°3′49″E﻿ / ﻿51.50778°N 0.06361°E﻿ / 51.50778; 0.06361Coordinates: 51°30′28″N 0°3′49″E﻿ / ﻿51.50778°N 0.06361°E﻿ / 51.50778; 0.06361","13,395 (2018/19)[1]","9,750 (2018/19)[1]","3,645 (2018/19)[1]",https://en.wikipedia.org/wiki/University_of_East_London,Newham (London),1992 (1970),"13,395","£9,250",Full
25,Arts University Bournemouth,"Arts University College at Bournemouth (AUCB), Arts Institute at Bournemouth (AIB), Bournemouth and Poole College of Art and Design","Poole, Dorset, United Kingdom50°44′29.2″N 1°53′52.1″W﻿ / ﻿50.741444°N 1.897806°W﻿ / 50.741444; -1.897806","3,385 (2018/19)[7]","3,240 (2018/19)[7]",150 (2018/19)[7],https://en.wikipedia.org/wiki/Arts_University_Bournemouth,Poole,2012 (1885),"3,385","£9,250",Taught
26,Harper Adams University,,"Edgmond, Shropshire, TF10 8NB, United Kingdom52°46′47″N 2°25′39″W﻿ / ﻿52.779651°N 2.427517°W﻿ / 52.779651; -2.427517","5,375 (2018/19)[1]","4,740 (2018/19)[1]",635 (2018/19)[1],https://en.wikipedia.org/wiki/Harper_Adams_University,Edgmond,2012 (1901),"5,375","£9,250",Full
27,Cranfield University,Cranfield Institute of TechnologyCollege of Aeronautics,"Cranfield, BedfordshireShrivenham, OxfordshireEngland","4,490 (2018/19)(all postgraduates)",,,https://en.wikipedia.org/wiki/Cranfield_University,"Cranfield, Shrivenham",1993 (1946),"4,490",p/g only,Full
28,London Institute of Banking & Finance[Note 6],,"London, United Kingdom",,,,https://en.wikipedia.org/wiki/The_London_Institute_of_Banking_%26_Finance,London,– (1879),-,- (private),Taught
29,University of Law,The College of Law(1962–2012),"Birmingham, Bristol, Chester, Guildford, Leeds, London, Manchester, Nottingham, and Hong Kong","8,000 (approximate)","1,000 (approximate)","7,000 (approximate)",https://en.wikipedia.org/wiki/University_of_Law,"Birmingham, Bristol, Chester, Guildford, Leeds, London, Nottingham",2012,"16,000[citation needed]","£6,165-9,000[10]",Taught
30,Liverpool Hope University,"Notre Dame College, Saint Katharine's College, Christ's College, Liverpool Institute of Higher Education, Liverpool Hope University College","Liverpool, England","5,100 (2018/19)[2]","3,865 (2018/19)[2]","1,235 (2018/19)[2]",https://en.wikipedia.org/wiki/Liverpool_Hope_University,Liverpool,2005 (1844),"5,100","£9,250",Full
31,Writtle University College,,None,750 HE (2018/19)[1],,,https://en.wikipedia.org/wiki/Writtle_University_College,Chelmsford,– (1893),750,"£9,250",Taught
32,University of Bradford,Bradford Institute of Technology,"Bradford, England, UK53°47′30″N 1°45′44″W﻿ / ﻿53.79167°N 1.76222°W﻿ / 53.79167; -1.76222Coordinates: 53°47′30″N 1°45′44″W﻿ / ﻿53.79167°N 1.76222°W﻿ / 53.79167; -1.76222","9,665 (2018/19)[5]","7,435 (2018/19)[5]","2,225 (2018/19)[5]",https://en.wikipedia.org/wiki/University_of_Bradford,Bradford,1966 (1957),"9,665","£9,250",Full
33,University of Huddersfield,,"Huddersfield, West Yorkshire, England","17,295 (2018/19)[3]","13,680 (2018/19)[3]","3,615 (2018/19)[3]",https://en.wikipedia.org/wiki/University_of_Huddersfield,Huddersfield,1992 (1825),"17,295","£9,250",Full
34,York St John University,,"York, North Yorkshire, England","6,620 (2018/19)[2]","5,830 (2018/19)[2]",790 (2018/19)[2],https://en.wikipedia.org/wiki/York_St_John_University,York,2006 (1841),"6,620","£9,250",Full
35,Ravensbourne University London,,"North Greenwich, London, UK","2,530 (2018/19)[3]","2,450 (2018/19)[3]",75 (2018/19)[3],https://en.wikipedia.org/wiki/Ravensbourne_(college),London,2018 (1962),-,-,Taught
36,University of St Mark & St John,University College Plymouth St Mark & St John (2007-2012)College of St Mark and St John (1923-2007),"Plymouth, United Kingdom","2,770 (2018/19)[2]","2,275 (2018/19)[2]",500 (2018/19)[2],https://en.wikipedia.org/wiki/University_of_St_Mark_%26_St_John,Plymouth,2012 (1923),"2,770","£9,250",Taught
37,Liverpool John Moores University,,"Liverpool, England, United Kingdom53°24′11″N 2°58′12″W﻿ / ﻿53.403°N 2.970°W﻿ / 53.403; -2.970Coordinates: 53°24′11″N 2°58′12″W﻿ / ﻿53.403°N 2.970°W﻿ / 53.403; -2.970","24,030 (2018/19)[2]","19,465 (2018/19)[2]","4,655 (2018/19)[2]",https://en.wikipedia.org/wiki/Liverpool_John_Moores_University,Liverpool,1992 (1892),"24,030","£9,250",Full
38,University of Hull,,"Kingston upon Hull53°46′13″N 0°22′02″W﻿ / ﻿53.770263°N 0.367141°W﻿ / 53.770263; -0.367141﻿ (Hull campus of University of Hull)Coordinates: 53°46′13″N 0°22′02″W﻿ / ﻿53.770263°N 0.367141°W﻿ / 53.770263; -0.367141﻿ (Hull campus of University of Hull), England","16,090 (2018/19)[4]","13,240 (2018/19)[4]","2,850 (2018/19)[4]",https://en.wikipedia.org/wiki/University_of_Hull,"Hull, Scarborough",1954 (1927),"16,090","£9,250",Full
39,University of Salford,,"Salford, Greater Manchester, UK","20,815 (2018/19)[2]","16,670 (2018/19)[2]","4,145 (2018/19)[2]",https://en.wikipedia.org/wiki/University_of_Salford,Salford,1967,"20,815","£9,250",Full
40,University of Suffolk,,"Suffolk, England","7,695 (2018/19)[1]","7,080 (2018/19)[1]",610 (2018/19)[1],https://en.wikipedia.org/wiki/University_of_Suffolk,"Ipswich, Bury St Edmunds, Great Yarmouth, Lowestoft",2016 (2007),"7,695","£9,250",Taught
41,Norwich University of the Arts,Norwich School of DesignNorfolk Institute of Art and DesignNorwich School of Art and DesignNorwich University College of the Arts,"Norwich, Norfolk, United Kingdom52°37′49″N 1°17′48″E﻿ / ﻿52.6303°N 1.2966°E﻿ / 52.6303; 1.2966Coordinates: 52°37′49″N 1°17′48″E﻿ / ﻿52.6303°N 1.2966°E﻿ / 52.6303; 1.2966","2,305 (2018/19)[1]","2,205 (2018/19)[1]",100 (2018/19)[1],https://en.wikipedia.org/wiki/Norwich_University_of_the_Arts,Norwich,2012 (1845),"2,305","£9,250",Taught
42,Leeds Beckett University,Leeds Metropolitan UniversityLeeds Polytechnic,"Leeds, England","23,275 (2018/19)[5]","17,915 (2018/19)[5]","5,360 (2018/19)[5]",https://en.wikipedia.org/wiki/Leeds_Beckett_University,Leeds,1992 (1970),"23,275","£9,250",Full
43,University of Lincoln,,"Lincoln, Lincolnshire, England, UK","15,875 (2018/19)[5]","13,560 (2018/19)[5]","2,315 (2018/19)[5]",https://en.wikipedia.org/wiki/University_of_Lincoln,Lincoln,1992,"15,875","£9,250",Full
44,University of Chester,"
List
Chester Diocesan Training College (1839–1963)Chester College of Education (1963–1974)Chester College of Higher Education (1974–1996)University College Chester (1996–1999)Chester, a College of the University of Liverpool (1999–2003)University College Chester (2003–2005)
","Chester, Ellesmere Port, Warrington and Shrewsbury, Cheshire, UK53°12′01″N 2°53′53″W﻿ / ﻿53.200326°N 2.898073°W﻿ / 53.200326; -2.898073Coordinates: 53°12′01″N 2°53′53″W﻿ / ﻿53.200326°N 2.898073°W﻿ / 53.200326; -2.898073","14,900","10,800[5]","4,100[5]",https://en.wikipedia.org/wiki/University_of_Chester,"Chester, Warrington",2005 (1839),"14,570","£9,250",Full
45,University of Worcester,,"Worcester, Worcestershire, United Kingdom52°11′52″N 2°14′35″W﻿ / ﻿52.1977°N 2.2431°W﻿ / 52.1977; -2.2431","10,075 (2018/19)[4]","8,410 (2018/19)[4]","1,665 (2018/19)[4]",https://en.wikipedia.org/wiki/University_of_Worcester,Worcester,1997,"10,075","£9,250",Full
46,Aston University,,"Birmingham, England, United Kingdom52°29′10″N 1°53′22″W﻿ / ﻿52.4860°N 1.8895°W﻿ / 52.4860; -1.8895Coordinates: 52°29′10″N 1°53′22″W﻿ / ﻿52.4860°N 1.8895°W﻿ / 52.4860; -1.8895","15,500 (2017/18)[4]","11,935 (2017/18)[4]","3,565 (2017/18)[4]",https://en.wikipedia.org/wiki/Aston_University,Birmingham,1966 (1895),"14,990","£9,250",Full
47,University of Northampton,"University College Nene College of Higher Education (1975),Northampton Technical College (1924)","Northampton, Northamptonshire, UK","11,985 (2018/19)[3]","9,655 (2018/19)[3]","2,325 (2018/19)[3]",https://en.wikipedia.org/wiki/University_of_Northampton,Northampton,2005 (1975),"11,985","£9,250",Full
48,University of Sunderland,"Sunderland Technical College (1901–1969), Sunderland Polytechnic (1969–1992)","Sunderland, Tyne and Wear, United Kingdom","14,705 (2018/19)[1]","11,925 (2018/19)[1]","2,785 (2018/19)[1]",https://en.wikipedia.org/wiki/University_of_Sunderland,Sunderland,1992 (1901),"14,705","£9,250",Full
49,Royal Agricultural University,,"Cirencester Gloucestershire, United Kingdom","1,150 (2018/19)[1]","1,045 (2018/19)[1]",105 (2018/19)[1],https://en.wikipedia.org/wiki/Royal_Agricultural_University,Cirencester,2012 (1845),"1,150","£9,250",Taught
50,Roehampton University,,"Roehampton, London, England, UK","12,665 (2018/19)[2]","10,730 (2018/19)[2]","1,935 (2018/19)[2]",https://en.wikipedia.org/wiki/Roehampton_University,Roehampton (London),2004 (1841),"12,665","£9,250",Taught
51,University of Winchester,King Alfred's College,"Winchester, Hampshire, England","7,770 (2018/19)[1]","6,455 (2018/19)[1]","1,310 (2018/19)[1]",https://en.wikipedia.org/wiki/University_of_Winchester,Winchester,2005 (1840),"7,770","£9,250",Full
52,University of West London,"Thames Valley University, Polytechnic of West London, Lady Byron School, Ealing College of Higher Education, Thames Valley College of Higher Education, Queen Charlotte's College of Health Care Studies","Ealing, Brentford, and Reading, United Kingdom","11,055 HE (2018/19)[2]","9,055 (2018/19)[2]","2,000 (2018/19)[2]",https://en.wikipedia.org/wiki/University_of_West_London,"Brentford, Ealing (both London), Reading",1992,"11,055","£9,250",Full
53,Northumbria University,,"Newcastle upon Tyne, Tyne and Wear, England, UK54°58′35″N 1°36′29″W﻿ / ﻿54.9764°N 1.6080°W﻿ / 54.9764; -1.6080Coordinates: 54°58′35″N 1°36′29″W﻿ / ﻿54.9764°N 1.6080°W﻿ / 54.9764; -1.6080","26,450 (2018/19)[3]","20,700 (2018/19)[3]","5,750 (2018/19)[3]",https://en.wikipedia.org/wiki/Northumbria_University,Newcastle,1992 (1892),"26,450","£9,250",Full
54,Manchester Metropolitan University,,"Manchester, England, UK53.47053, −2.23872","33,050 (2018/19)[4]","26,315 (2018/19)[4]","6,735 (2018/19)[4]",https://en.wikipedia.org/wiki/Manchester_Metropolitan_University,Manchester,1992 (1970),"33,050","£9,250",Full
55,University of Portsmouth,Portsmouth Polytechnic,"Portsmouth, Hampshire, England, UK","25,515 HE (2018/19)[4]","21,090 (2018/19)[4]","4,425 (2018/19)[4]",https://en.wikipedia.org/wiki/University_of_Portsmouth,Portsmouth,1992 (1960),"25,515","£9,250",Full
56,Falmouth University,,"Penryn and Falmouth, Cornwall, England","6,425 (2018/19)[1]","5,800 (2018/19)[1]",625 (2018/19)[1],https://en.wikipedia.org/wiki/Falmouth_University,"Falmouth, Penryn",2012 (1902),"6,425","£9,250",Taught
57,University of Bedfordshire,,"Bedford, Luton Bedfordshire and Milton Keynes, Buckinghamshire, UK51°52′40″N 0°24′41″W﻿ / ﻿51.87778°N 0.41139°W﻿ / 51.87778; -0.41139Coordinates: 51°52′40″N 0°24′41″W﻿ / ﻿51.87778°N 0.41139°W﻿ / 51.87778; -0.41139","13,925 (2018/19)[2]","11,400 (2018/19)[2]","2,525 (2018/19)[2]",https://en.wikipedia.org/wiki/University_of_Bedfordshire,"Bedford, Luton, Milton Keynes",1993,"13,925","£9,250",Full
58,Newman University,Newman College of Higher EducationNewman University College,"Birmingham, England52°26′01″N 1°59′38″W﻿ / ﻿52.4336°N 1.9938°W﻿ / 52.4336; -1.9938","2,800 (2018/19)[2]","2,175 (2018/19)[2]",625 (2018/19)[2],"https://en.wikipedia.org/wiki/Newman_University,_Birmingham",Birmingham,2012 (1968),"2,800","£9,250",Taught
59,Staffordshire University,Central School of Science & TechnologyNorth Staffordshire Technical CollegeStaffordshire PolytechnicNorth Staffordshire Polytechnic ,"Staffordshire (Stafford; Stoke-on-Trent; Lichfield), Shropshire (Shrewsbury), England, United Kingdom","14,855 (2018/19)[4]","12,635 (2018/19)[4]","2,220 (2018/19)[4]",https://en.wikipedia.org/wiki/Staffordshire_University,"Lichfield, Shrewsbury, Stafford, Stoke",1992,"14,855","£9,250",Full
60,Southampton Solent University,,"Southampton, Hampshire, United Kingdom50°54′29″N 1°24′04″W﻿ / ﻿50.908°N 1.401°W﻿ / 50.908; -1.401Coordinates: 50°54′29″N 1°24′04″W﻿ / ﻿50.908°N 1.401°W﻿ / 50.908; -1.401","9,910 HE (2018/19)[2]","9,260 (2018/19)[2]",650 (2018/19)[2],https://en.wikipedia.org/wiki/Southampton_Solent_University,Southampton,2005 (1984),"9,910","£9,250",Full
61,Teesside University,,"Middlesbrough and Darlington, England, UK","20,104[7]","18,263[7]","2,138[7]",https://en.wikipedia.org/wiki/Teesside_University,"Darlington, Middlesbrough",1992 (1930),"18,665","£9,250",Full
62,Sheffield Hallam University,Sheffield PolytechnicSheffield City Polytechnic,"Sheffield, South Yorkshire, England53°22′45″N 1°27′53″W﻿ / ﻿53.379105°N 1.464706°W﻿ / 53.379105; -1.464706Coordinates: 53°22′45″N 1°27′53″W﻿ / ﻿53.379105°N 1.464706°W﻿ / 53.379105; -1.464706","30,715 (2018/19)[3]","24,320 (2018/19)[3]","6,400 (2018/19)[3]",https://en.wikipedia.org/wiki/Sheffield_Hallam_University,Sheffield,1992,"30,715","£9,250",Full
63,Regent's University London,,"Regent's Park, London, NW1 4NS, United Kingdom51°31′34″N 0°09′18″W﻿ / ﻿51.526°N 0.155°W﻿ / 51.526; -0.155Coordinates: 51°31′34″N 0°09′18″W﻿ / ﻿51.526°N 0.155°W﻿ / 51.526; -0.155","3,772 FT",,,https://en.wikipedia.org/wiki/Regent%27s_University_London,London,2013 (1984),–,- (private),Taught
64,Nottingham Trent University,,"Nottingham, England, UK","33,255 (2018/19)[4]","26,525 (2018/19)[4]","6,730 (2018/19)[4]",https://en.wikipedia.org/wiki/Nottingham_Trent_University,Nottingham,1992 (1843),"33,255","£9,250",Full
65,University of Kent,,"Canterbury, Medway and Tonbridge, United Kingdom; Brussels, Belgium; Athens, Greece; Paris, France; Rome, Italy","19,265 (2018/19)[5]","15,550 (2018/19)[5]","3,715 (2018/19)[5]",https://en.wikipedia.org/wiki/University_of_Kent,"Canterbury, Medway, Tonbridge, Athens, Brussels, Paris, Rome",1965,"19,265","£9,250",Full
66,Plymouth University,"
Plymouth Polytechnic
Polytechnic South West
Rolle College
Exeter College of Art and Design
Seale-Hayne College
","Plymouth, England, UKCoordinates: 50°22′27″N 4°08′19″W﻿ / ﻿50.374121°N 4.138512°W﻿ / 50.374121; -4.138512","23,155[5]","20,080[5]","3,075[5]",https://en.wikipedia.org/wiki/Plymouth_University,Plymouth,1992 (1862)[13][14],"19,645","£9,250",Full
67,Oxford Brookes University,,"Oxford, England","16,665 (2018/19)[3]","12,785 (2018/19)[3]","3,885 (2018/19)[3]",https://en.wikipedia.org/wiki/Oxford_Brookes_University,Oxford,1992 (1970),"16,665","£9,250",Full
68,"St Mary's University, Twickenham",,"Strawberry Hill, Twickenham, London, United Kingdom51°26′15″N 0°20′06″W﻿ / ﻿51.4376°N 0.335°W﻿ / 51.4376; -0.335Coordinates: 51°26′15″N 0°20′06″W﻿ / ﻿51.4376°N 0.335°W﻿ / 51.4376; -0.335","5,490 (2018/19)[2]","3,535 (2018/19)[2]","1,955 (2018/19)[2]","https://en.wikipedia.org/wiki/St_Mary%27s_University,_Twickenham",Strawberry Hill (London),2014 (1850),"5,490","£9,250",Taught
69,University of Exeter,,"Exeter, DevonPenryn, Cornwall, England50°44′11″N 3°32′04″W﻿ / ﻿50.736509°N 3.534422°W﻿ / 50.736509; -3.534422Coordinates: 50°44′11″N 3°32′04″W﻿ / ﻿50.736509°N 3.534422°W﻿ / 50.736509; -3.534422","23,613 (2018/19)","18,932 (2018/19)","4,681 (2018/19)",https://en.wikipedia.org/wiki/University_of_Exeter,"Exeter, Penryn",1955 (1922),"25,010","£9,250",Full
70,Leeds Trinity University,All Saints CollegeTrinity CollegeLeeds Trinity & All Saints,"Horsforth, West Yorkshire, England53°50′55″N 1°38′53″W﻿ / ﻿53.84855°N 1.64809°W﻿ / 53.84855; -1.64809Coordinates: 53°50′55″N 1°38′53″W﻿ / ﻿53.84855°N 1.64809°W﻿ / 53.84855; -1.64809","3,415 (2018/19)[1]","2,710 (2018/19)[1]",705 (2018/19)[1],https://en.wikipedia.org/wiki/Leeds_Trinity_University,Leeds,2012 (1966),"3,415","£9,250",Taught
71,London South Bank University,"Borough Polytechnic Institute (1892-1970), Polytechnic of the South Bank (1970-1987), South Bank Polytechnic (1987-1992)","Southwark, London, England, United KingdomCoordinates: 51°29′53″N 0°06′06″W﻿ / ﻿51.49814°N 0.10154°W﻿ / 51.49814; -0.10154","17,125 (2018/19)[3]","12,600 (2018/19)[3]","4,525 (2018/19)[3]",https://en.wikipedia.org/wiki/London_South_Bank_University,Southwark (London),1992 (1892),"17,125","£9,000",Full
72,University of Liverpool,,"Liverpool, EnglandCoordinates: 53°24′22″N 2°58′01″W﻿ / ﻿53.406°N 2.967°W﻿ / 53.406; -2.967","29,695 (2018/19)[5]","22,735 (2018/19)[5]","6,960 (2018/19)[5]",https://en.wikipedia.org/wiki/University_of_Liverpool,Liverpool,1903,"29,695","£9,250",Full
73,Kingston University,,"Kingston upon Thames, London, United Kingdom51°24′13″N 0°18′14″W﻿ / ﻿51.4035°N 0.3039°W﻿ / 51.4035; -0.3039Coordinates: 51°24′13″N 0°18′14″W﻿ / ﻿51.4035°N 0.3039°W﻿ / 51.4035; -0.3039","16,820 (2018/19)[5]","12,690 (2018/19)[5]","4,130 (2018/19)[5]",https://en.wikipedia.org/wiki/Kingston_University,Kingston upon Thames,1992 (1899),"16,820","£9,250",Full
74,Coventry University,Coventry Polytechnic (1987–1992)Lanchester Polytechnic (1970–1987),"Coventry, England52°24′29″N 1°30′22″W﻿ / ﻿52.40805°N 1.50600°W﻿ / 52.40805; -1.50600Coordinates: 52°24′29″N 1°30′22″W﻿ / ﻿52.40805°N 1.50600°W﻿ / 52.40805; -1.50600","34,985 (2018/19)[5]","29,005 (2018/19)[5]","5,980 (2018/19)[5]",https://en.wikipedia.org/wiki/Coventry_University,Coventry,1992 (1843),"34,985","£6,009–9,250",Full
75,University of Bath,,"Bath, Somerset, England51°22′47″N 2°19′41″W﻿ / ﻿51.3796°N 2.3280°W﻿ / 51.3796; -2.3280Coordinates: 51°22′47″N 2°19′41″W﻿ / ﻿51.3796°N 2.3280°W﻿ / 51.3796; -2.3280","18,065 (2018/19)[3]","13,415 (2018/19)[3]","4,655 (2018/19)[3]",https://en.wikipedia.org/wiki/University_of_Bath,Bath,1966,"18,065","£9,250",Full
76,University of Hertfordshire,,"Hertfordshire, United Kingdom","24,280 (2018/19)[3]","18,145 (2018/19)[3]","6,135 (2018/19)[3]",https://en.wikipedia.org/wiki/University_of_Hertfordshire,Hatfield,1992 (1952),"24,280","£9,250",Full
77,Birmingham City University,"
Birmingham College of Art
Birmingham Polytechnic
University of Central England in Birmingham
","Birmingham, West Midlands, United Kingdom52°28′56″N 1°53′19″W﻿ / ﻿52.48222°N 1.88861°W﻿ / 52.48222; -1.88861Coordinates: 52°28′56″N 1°53′19″W﻿ / ﻿52.48222°N 1.88861°W﻿ / 52.48222; -1.88861","25,855 HE (2018/19)[3]","20,480 (2018/19)[3]","5,380 (2018/19)[3]",https://en.wikipedia.org/wiki/Birmingham_City_University,Birmingham,1992 (1843),"25,855","£9,250",Full
78,University of Leicester,,"Leicester, England, UK","16,855 (2018/19)[4]","12,195 (2018/19)[4]","4,655 (2018/19)[4]",https://en.wikipedia.org/wiki/University_of_Leicester,Leicester,1957 (1921),"16,855","£9,250",Full
79,University of Essex,,"Colchester, Essex, UK","14,760 (2017-18)[2]","11,370 (2017-18)[2]","3,390 (2017-18)[2]",https://en.wikipedia.org/wiki/University_of_Essex,Colchester,1964,"15,600","£9,250",Full
80,University of Gloucestershire,,"Cheltenham and Gloucester, England, UK51°53′16″N 2°05′20″W﻿ / ﻿51.887909°N 2.088797°W﻿ / 51.887909; -2.088797Coordinates: 51°53′16″N 2°05′20″W﻿ / ﻿51.887909°N 2.088797°W﻿ / 51.887909; -2.088797","9,220 (2017/18)[4]",,,https://en.wikipedia.org/wiki/University_of_Gloucestershire,"Cheltenham, Gloucester",2001 (1998),"8,255","£9,250",Full
81,University of Wolverhampton,,"Wolverhampton, England","19,045 (2018/19)[3]","15,410 (2018/19)[3]","3,635 (2018/19)[3]",https://en.wikipedia.org/wiki/University_of_Wolverhampton,"Burton, Telford, Walsall, Wolverhampton",1992 (1969),"19,045","£9,250[15]",Full
82,Loughborough University,,"Loughborough, United Kingdom","18,439 (2018/2019)","13,660 (2018/19)[5]","4,365 (2018/19)[5]",https://en.wikipedia.org/wiki/Loughborough_University,Loughborough,1966,"18,025","£9,250",Full
83,London Metropolitan University,"University of North London, London Guildhall University, City of London Polytechnic, Polytechnic of North London, Northern Polytechnic Institute, North-Western Polytechnic, City of London College, Sir John Cass College of Arts and Science","London, England","9,200 (2018/19)[4]","7,085 (2018/19)[4]","2,115 (2018/19)[4]",https://en.wikipedia.org/wiki/London_Metropolitan_University,London,2002,"9,200","£6,750-9,250",Full
84,University of the West of England,,"Bristol, United Kingdom51°30′01″N 2°32′51″W﻿ / ﻿51.50021°N 2.54749°W﻿ / 51.50021; -2.54749Coordinates: 51°30′01″N 2°32′51″W﻿ / ﻿51.50021°N 2.54749°W﻿ / 51.50021; -2.54749","29,497 (2016/17)[1]","22,172 (2016/17)[1]","7,325 (2016/17)[1]",https://en.wikipedia.org/wiki/University_of_the_West_of_England,Bristol,1992 (1595),"29,555","£9,250",Full
85,Middlesex University,,"London, United Kingdom","19,635 (2018/19)[4]","14,765 (2018/19)[4]","4,865 (2018/19)[4]",https://en.wikipedia.org/wiki/Middlesex_University,Hendon (London),1992 (1973),"19,635","£9,250",Full
86,University of Nottingham,,"Nottingham, England, UK52°56′20″N 1°11′49″W﻿ / ﻿52.939°N 1.197°W﻿ / 52.939; -1.197Coordinates: 52°56′20″N 1°11′49″W﻿ / ﻿52.939°N 1.197°W﻿ / 52.939; -1.197","33,540 domestic (2018/19)[4] 43,893 worldwide[5]","25,070 domestic (2018/19)[4]","8,470 domestic (2018/19)[4]",https://en.wikipedia.org/wiki/University_of_Nottingham,Nottingham,1948 (1881),"33,540","£9,250",Full
87,University of Westminster,,"London, United Kingdom","18,885 (2018/19)[2]","14,775 (2018/19)[2]","4,105 (2018/19)[2]",https://en.wikipedia.org/wiki/University_of_Westminster,London,1992 (1838),"18,885","£9,250",Full
88,Newcastle University,,"Newcastle upon Tyne, Tyne and Wear, UK54°58′41″N 1°36′54″W﻿ / ﻿54.978°N 1.615°W﻿ / 54.978; -1.615Coordinates: 54°58′41″N 1°36′54″W﻿ / ﻿54.978°N 1.615°W﻿ / 54.978; -1.615","27,215 (2018/19)[4]","20,845 (2018/19)[4]","6,365 (2018/19)[4]",https://en.wikipedia.org/wiki/Newcastle_University,Newcastle,1963 (1834),"27,215","£9,250",Full
89,University of Surrey,,"Guildford, England","16,815 (2018/19)[5]","13,430 (2018/19)[5]","3,385 (2018/19)[5]",https://en.wikipedia.org/wiki/University_of_Surrey,Guildford,1966 (1891),"16,815","£9,250",Full
90,University of Reading,,"Reading, Berkshire, United Kingdom51°26′31″N 0°56′44″W﻿ / ﻿51.44194°N 0.94556°W﻿ / 51.44194; -0.94556Coordinates: 51°26′31″N 0°56′44″W﻿ / ﻿51.44194°N 0.94556°W﻿ / 51.44194; -0.94556","17,805 (2018/19)[3]","12,585 (2018/19)[3]","5,215 (2018/19)[3]",https://en.wikipedia.org/wiki/University_of_Reading,Reading,1926 (1892),"17,805","£9,250",Full
91,Open University,,"Milton Keynes and other centres, United Kingdom","168,215[4]","156,975[4]","11,240[4]",https://en.wikipedia.org/wiki/Open_University,Milton Keynes,1969,"101,490[Note 7]",-,Full
92,Keele University,,"Keele, Newcastle-under-Lyme, Staffordshire, United Kingdom53°00′11″N 2°16′23″W﻿ / ﻿53.003°N 2.273°W﻿ / 53.003; -2.273Coordinates: 53°00′11″N 2°16′23″W﻿ / ﻿53.003°N 2.273°W﻿ / 53.003; -2.273","10,865 (2018/19)[4]","8,455 (2018/19)[4]","2,410 (2018/19)[4]",https://en.wikipedia.org/wiki/Keele_University,Keele,1962 (1949),"10,865","£9,250",Full
93,University of East Anglia,,"Norwich, Norfolk, United Kingdom52°37′18″N 1°14′30″E﻿ / ﻿52.62167°N 1.24167°E﻿ / 52.62167; 1.24167Coordinates: 52°37′18″N 1°14′30″E﻿ / ﻿52.62167°N 1.24167°E﻿ / 52.62167; 1.24167","17,925 (2018/19)[5]","13,215 (2018/19)[5]","4,710 (2018/19)[5]",https://en.wikipedia.org/wiki/University_of_East_Anglia,Norwich,1963,"17,925","£9,250",Full
94,University of Warwick,,"Coventry, England, UK52°22′48.29″N 1°33′42.95″W﻿ / ﻿52.3800806°N 1.5619306°W﻿ / 52.3800806; -1.5619306Coordinates: 52°22′48.29″N 1°33′42.95″W﻿ / ﻿52.3800806°N 1.5619306°W﻿ / 52.3800806; -1.5619306","27,278[2]","15,998[2]","9,799[2]",https://en.wikipedia.org/wiki/University_of_Warwick,Coventry,1965,"26,080","£9,250",Full
95,University of Leeds,,"Leeds, West Yorkshire, England53°48′26″N 1°33′6″W﻿ / ﻿53.80722°N 1.55167°W﻿ / 53.80722; -1.55167Coordinates: 53°48′26″N 1°33′6″W﻿ / ﻿53.80722°N 1.55167°W﻿ / 53.80722; -1.55167","36,250 (2018/19)[4]","26,255 (2018/19)[4]","9,995 (2018/19)[4]",https://en.wikipedia.org/wiki/University_of_Leeds,Leeds,1904,"36,250","£9,250",Full
96,University of Bristol,,"Bristol, England51°27′23″N 02°36′16″W﻿ / ﻿51.45639°N 2.60444°W﻿ / 51.45639; -2.60444Coordinates: 51°27′23″N 02°36′16″W﻿ / ﻿51.45639°N 2.60444°W﻿ / 51.45639; -2.60444","25,955 (2018/19)[6]","18,980 (2018/19)[6]","6,975 (2018/19)[6]",https://en.wikipedia.org/wiki/University_of_Bristol,Bristol,1909 (1876),"25,955","£9,250",Full
97,University of York,,"Heslington, York, England","19,470 (2018/19)[4]","14,030 (2018/19)[4]","5,435 (2018/19)[4]",https://en.wikipedia.org/wiki/University_of_York,York,1963,"19,470","£9,250",Full
98,University of Manchester,,"Manchester, England, United Kingdom","40,250 (2018/19)[5]","26,855 (2018/19)[5]","13,395 (2018/19)[5]",https://en.wikipedia.org/wiki/University_of_Manchester,Manchester,2004 (1824),"40,250","£9,250",Full
99,Lancaster University,,"Bailrigg, City of Lancaster, England54°00′37″N 2°47′08″W﻿ / ﻿54.01028°N 2.78556°W﻿ / 54.01028; -2.78556Coordinates: 54°00′37″N 2°47′08″W﻿ / ﻿54.01028°N 2.78556°W﻿ / 54.01028; -2.78556","15,979 (2019/20)[2]","11,419 (2019/20)[2]","4,560 (2019/20)[2]",https://en.wikipedia.org/wiki/Lancaster_University,Lancaster,1964,"14,465","£9,250",Full
100,University of London→ King's College London,,"London, England, United Kingdom","Around 227,000 (178,735 internal[3] and around 48,000 in University of London Worldwide)[4]","101,230 internal (2018/19)[3]","77,510 internal (2018/19)[3]",https://en.wikipedia.org/wiki/University_of_London,London,– (1829) founding college,"32,895","£9,250","Full, London"
101,University of Sussex,,"Falmer, East Sussex, England","21,319 (2019)[3]","14,925[3]","7,394[4]",https://en.wikipedia.org/wiki/University_of_Sussex,Falmer,1961,"19,155","£9,250",Full
102,"University of London→ Royal Holloway, University of London",,"London, England, United Kingdom","Around 227,000 (178,735 internal[3] and around 48,000 in University of London Worldwide)[4]","101,230 internal (2018/19)[3]","77,510 internal (2018/19)[3]",https://en.wikipedia.org/wiki/University_of_London,Surrey,– (1849),"11,040","£9,250","Full, London"
103,University of London→ Heythrop College,,"London, England, United Kingdom","Around 227,000 (178,735 internal[3] and around 48,000 in University of London Worldwide)[4]","101,230 internal (2018/19)[3]","77,510 internal (2018/19)[3]",https://en.wikipedia.org/wiki/University_of_London,London,– (1614),-,No longer admitting students[12],"Full, London"
104,University of London→ University College London,,"London, England, United Kingdom","Around 227,000 (178,735 internal[3] and around 48,000 in University of London Worldwide)[4]","101,230 internal (2018/19)[3]","77,510 internal (2018/19)[3]",https://en.wikipedia.org/wiki/University_of_London,London,– (1826) founding college,"41,180","£9,250","Full, London"
105,University of Sheffield,University College of Sheffield,"Sheffield, South Yorkshire, EnglandCoordinates: 53°22′51″N 1°29′20″W﻿ / ﻿53.3807°N 1.4888°W﻿ / 53.3807; -1.4888","30,195 (2018/19)[4]","19,610 (2018/19)[4]","10,585 (2018/19)[4]",https://en.wikipedia.org/wiki/University_of_Sheffield,Sheffield,1905,"30,195","£9,250",Full
106,University of London→ Courtauld Institute of Art,,"London, England, United Kingdom","Around 227,000 (178,735 internal[3] and around 48,000 in University of London Worldwide)[4]","101,230 internal (2018/19)[3]","77,510 internal (2018/19)[3]",https://en.wikipedia.org/wiki/University_of_London,London,– (1932),495,"£9,250",London
107,University of London→ Institute of Cancer Research,,"London, England, United Kingdom","Around 227,000 (178,735 internal[3] and around 48,000 in University of London Worldwide)[4]","101,230 internal (2018/19)[3]","77,510 internal (2018/19)[3]",https://en.wikipedia.org/wiki/University_of_London,London,– (1909),265,p/g only,London
108,University of London,,"London, England, United Kingdom","Around 227,000 (178,735 internal[3] and around 48,000 in University of London Worldwide)[4]","101,230 internal (2018/19)[3]","77,510 internal (2018/19)[3]",https://en.wikipedia.org/wiki/University_of_London,"London, Paris",1836,245[Note 5],- (Fees set by colleges),Full
109,University of London→ London School of Hygiene & Tropical Medicine,,"London, England, United Kingdom","Around 227,000 (178,735 internal[3] and around 48,000 in University of London Worldwide)[4]","101,230 internal (2018/19)[3]","77,510 internal (2018/19)[3]",https://en.wikipedia.org/wiki/University_of_London,London,– (1899),"1,170",p/g only,"Full, London"
110,University of London→ School of Oriental and African Studies,,"London, England, United Kingdom","Around 227,000 (178,735 internal[3] and around 48,000 in University of London Worldwide)[4]","101,230 internal (2018/19)[3]","77,510 internal (2018/19)[3]",https://en.wikipedia.org/wiki/University_of_London,London,– (1916),"5,800","£9,250","Full, London"
111,"University of London→ Queen Mary, University of London",,"London, England, United Kingdom","Around 227,000 (178,735 internal[3] and around 48,000 in University of London Worldwide)[4]","101,230 internal (2018/19)[3]","77,510 internal (2018/19)[3]",https://en.wikipedia.org/wiki/University_of_London,London,– (1887),"20,560","£9,250","Full, London"
112,"University of London→ City, University of London",,"London, England, United Kingdom","Around 227,000 (178,735 internal[3] and around 48,000 in University of London Worldwide)[4]","101,230 internal (2018/19)[3]","77,510 internal (2018/19)[3]",https://en.wikipedia.org/wiki/University_of_London,London,– (1894),"20,210","£9,250","Full, London"
113,University of London→ Royal Veterinary College,,"London, England, United Kingdom","Around 227,000 (178,735 internal[3] and around 48,000 in University of London Worldwide)[4]","101,230 internal (2018/19)[3]","77,510 internal (2018/19)[3]",https://en.wikipedia.org/wiki/University_of_London,"London, Hertfordshire",– (1791),"2,525","£9,250","Full, London"
114,University of London→ Royal Central School of Speech and Drama,,"London, England, United Kingdom","Around 227,000 (178,735 internal[3] and around 48,000 in University of London Worldwide)[4]","101,230 internal (2018/19)[3]","77,510 internal (2018/19)[3]",https://en.wikipedia.org/wiki/University_of_London,London,– (1906),"1,055","£9,250",London
115,University of London→ London Business School,,"London, England, United Kingdom","Around 227,000 (178,735 internal[3] and around 48,000 in University of London Worldwide)[4]","101,230 internal (2018/19)[3]","77,510 internal (2018/19)[3]",https://en.wikipedia.org/wiki/University_of_London,London,– (1964),"2,075",p/g only,"Full, London"
116,"University of London→ St George's, University of London",,"London, England, United Kingdom","Around 227,000 (178,735 internal[3] and around 48,000 in University of London Worldwide)[4]","101,230 internal (2018/19)[3]","77,510 internal (2018/19)[3]",https://en.wikipedia.org/wiki/University_of_London,London,– (1733),"4,690","£9,250","Full, London"
117,"University of London→ Goldsmiths, University of London",,"London, England, United Kingdom","Around 227,000 (178,735 internal[3] and around 48,000 in University of London Worldwide)[4]","101,230 internal (2018/19)[3]","77,510 internal (2018/19)[3]",https://en.wikipedia.org/wiki/University_of_London,London,– (1904),"10,410","£9,250","Full, London"
118,University of London→ London School of Economics,,"London, England, United Kingdom","Around 227,000 (178,735 internal[3] and around 48,000 in University of London Worldwide)[4]","101,230 internal (2018/19)[3]","77,510 internal (2018/19)[3]",https://en.wikipedia.org/wiki/University_of_London,London,– (1895),"11,850","£9,250","Full, London"
119,"University of London→ Birkbeck, University of London",,"London, England, United Kingdom","Around 227,000 (178,735 internal[3] and around 48,000 in University of London Worldwide)[4]","101,230 internal (2018/19)[3]","77,510 internal (2018/19)[3]",https://en.wikipedia.org/wiki/University_of_London,London,– (1823),"11,390","£9,250","Full, London"
120,University of London→ Royal Academy of Music,,"London, England, United Kingdom","Around 227,000 (178,735 internal[3] and around 48,000 in University of London Worldwide)[4]","101,230 internal (2018/19)[3]","77,510 internal (2018/19)[3]",https://en.wikipedia.org/wiki/University_of_London,London,– (1822),880,"£9,250","Taught, London"
121,Imperial College London[Note 4],,"London, United Kingdom","19,115 (2018/19)[5]","9,985 (2018/19)[5]","9,130 (2018/19)[5]",https://en.wikipedia.org/wiki/Imperial_College_London,South Kensington (London),2007 (1907),"19,115","£9,250",Full
122,Durham University,,"Durham and Stockton-on-Tees, England","19,025 (2018/19)[3]","14,320 (2018/19)[3]","4,705 (2018/19)[3]",https://en.wikipedia.org/wiki/Durham_University,"Durham, Stockton",1832,"19,025","£9,250",Full
123,University of Birmingham,,"Birmingham, West Midlands, United Kingdom52°27′2″N 1°55′50″W﻿ / ﻿52.45056°N 1.93056°W﻿ / 52.45056; -1.93056Coordinates: 52°27′2″N 1°55′50″W﻿ / ﻿52.45056°N 1.93056°W﻿ / 52.45056; -1.93056","35,445 (2018/19)[6]","22,940 (2018/19)[6]","12,505 (2018/19)[6]",https://en.wikipedia.org/wiki/University_of_Birmingham,Birmingham,1900,"35,445","£9,250",Full
124,University of Cambridge,,"Cambridge, England, United Kingdom","23,247 (2019)[7]","12,354 (2019)","10,893 (2019)",https://en.wikipedia.org/wiki/University_of_Cambridge,Cambridge,1209,"20,890","£9,250",Full
125,University of Southampton,,"Southampton, United Kingdom","22,715 (2018/19)[3]","15,790 (2018/19)[3]","6,925 (2018/19)[3]",https://en.wikipedia.org/wiki/University_of_Southampton,Southampton,1952 (1902),"22,715","£9,250",Full
126,University of Oxford,,"Oxford, England, United Kingdom","24,515 (2019) [7]","11,955","12,010",https://en.wikipedia.org/wiki/University_of_Oxford,Oxford,1096,"25,390","£9,250",Full
